Activo,Orden,AIC,MAE_global,RMSE_global,MAE_baja_vol,MAE_alta_vol
EURUSD,"(0, 0, 0)",-13611.21,0.003458,0.004741,0.002928,0.004339
GBPUSD,"(0, 0, 0)",-12797.18,0.003538,0.004586,0.00339,0.004753
USDJPY,"(0, 0, 0)",-13100.3,0.00496,0.006478,0.003739,0.005787
BTC,"(0, 0, 2)",-9165.37,0.017535,0.025014,0.016022,0.026445
ETH,"(2, 0, 1)",-7991.8,0.027212,0.03877,0.02518,0.033258
