Activo,Orden,AIC,MAE_global,RMSE_global,MAE_baja_vol,MAE_alta_vol
EURUSD,"(0, 0, 0)",-13611.21,0.003458,0.004741,0.002928,0.004339
GBPUSD,"(0, 0, 0)",-12797.18,0.003538,0.004586,0.00339,0.004753
USDJPY,"(0, 0, 0)",-13102.34,0.005,0.006532,0.003761,0.005763
BTC,"(0, 0, 2)",-9161.11,0.017575,0.025039,0.016052,0.026622
ETH,"(2, 0, 1)",-7987.49,0.027224,0.038775,0.025233,0.033176
