Activo,Orden,AIC,MAE_global,RMSE_global,MAE_baja_vol,MAE_alta_vol
EURUSD,"(0, 0, 0)",-13689.58,0.003498,0.004766,0.002893,0.004317
GBPUSD,"(0, 0, 0)",-12872.38,0.003611,0.004648,0.003398,0.004707
USDJPY,"(0, 0, 0)",-13158.0,0.004947,0.00646,0.003737,0.005722
BTC,"(0, 0, 2)",-9217.53,0.017434,0.024789,0.015968,0.029341
ETH,"(2, 0, 1)",-8034.85,0.026968,0.038489,0.025195,0.034948
