Activo,ARIMA_MAE,Prophet_MAE,ARIMA_MAE_baja,Prophet_MAE_baja,ARIMA_MAE_alta,Prophet_MAE_alta,Mejor_global
EURUSD,0.003458,0.003465,0.002928,0.002935,0.004339,0.004344,ARIMA
GBPUSD,0.003538,0.00354,0.00339,0.003393,0.004753,0.004742,ARIMA
USDJPY,0.00496,0.004976,0.003739,0.003731,0.005787,0.005813,ARIMA
BTC,0.017535,0.017641,0.016022,0.016116,0.026445,0.026649,ARIMA
ETH,0.027212,0.027143,0.02518,0.025075,0.033258,0.033373,Prophet
