Activo,ARIMA_MAE,Prophet_MAE,LSTM_MAE,ARIMA_alta,Prophet_alta,LSTM_alta,Mejor_clasico_MAE,Mejora_LSTM_%
EURUSD,0.003458,0.003465,0.003466,0.004339,0.004344,0.004225,0.003458,-0.23
GBPUSD,0.003538,0.00354,0.003557,0.004753,0.004742,0.004482,0.003538,-0.54
USDJPY,0.005,0.005022,0.005215,0.005763,0.005795,0.006063,0.005,-4.3
BTC,0.017575,0.017794,0.017266,0.026622,0.026995,0.027757,0.017575,1.76
ETH,0.027224,0.027165,0.027011,0.033176,0.03329,0.0359,0.027165,0.57
