Activo,ARIMA_MAE,Prophet_MAE,LSTM_MAE,TFT_MAE,ARIMA_alta,Prophet_alta,LSTM_alta,TFT_alta,Mejor_modelo,Mejor_clasico,Mejora_TFT_%
EURUSD,0.003498,0.003505,0.003478,0.003451,0.004317,0.004324,0.004142,0.004162,TFT,0.003498,1.34
GBPUSD,0.003611,0.003611,0.003576,0.003555,0.004707,0.004705,0.004381,0.004352,TFT,0.003611,1.55
USDJPY,0.004947,0.004954,0.005065,0.005004,0.005722,0.00574,0.00604,0.005913,ARIMA,0.004947,-1.15
BTC,0.017434,0.017453,0.017241,0.017321,0.029341,0.029372,0.027258,0.027899,LSTM,0.017434,0.65
ETH,0.026968,0.02703,0.026938,0.026956,0.034948,0.035288,0.033984,0.035446,LSTM,0.026968,0.04
