Activo,ARIMA_MAE,Prophet_MAE,LSTM_MAE,ARIMA_alta,Prophet_alta,LSTM_alta,Mejor_clasico_MAE,Mejora_LSTM_%
EURUSD,0.003498,0.003505,0.003478,0.004317,0.004324,0.004142,0.003498,0.57
GBPUSD,0.003611,0.003611,0.003576,0.004707,0.004705,0.004381,0.003611,0.97
USDJPY,0.004947,0.004954,0.005065,0.005722,0.00574,0.00604,0.004947,-2.39
BTC,0.017434,0.017453,0.017241,0.029341,0.029372,0.027258,0.017434,1.11
ETH,0.026968,0.02703,0.026938,0.034948,0.035288,0.033984,0.026968,0.11
