Activo,ARIMA,Prophet,LSTM,TFT,QNN,ARIMA_alta,Prophet_alta,LSTM_alta,TFT_alta,QNN_alta,Mejor_modelo
EURUSD,0.003498,0.003505,0.003478,0.003451,0.003528,0.004317,0.004324,0.004142,0.004162,0.004246,TFT
GBPUSD,0.003611,0.003611,0.003576,0.003555,0.003659,0.004707,0.004705,0.004381,0.004352,0.004445,TFT
USDJPY,0.004947,0.004954,0.005065,0.005004,0.004976,0.005722,0.00574,0.00604,0.005913,0.005827,ARIMA
BTC,0.017434,0.017453,0.017241,0.017321,0.01789,0.029341,0.029372,0.027258,0.027899,0.027809,LSTM
ETH,0.026968,0.02703,0.026938,0.026956,0.028034,0.034948,0.035288,0.033984,0.035446,0.036527,LSTM
