Activo,ARIMA,Prophet,LSTM,TFT,QNN,ARIMA_alta,Prophet_alta,LSTM_alta,TFT_alta,QNN_alta,Mejor_modelo
EURUSD,0.003458,0.003465,0.003466,0.003445,0.003579,0.004339,0.004344,0.004225,0.004186,0.004277,TFT
GBPUSD,0.003538,0.00354,0.003557,0.003539,0.003519,0.004753,0.004742,0.004482,0.004445,0.00454,QNN
USDJPY,0.00496,0.004976,0.005211,0.005016,0.005092,0.005787,0.005813,0.006149,0.005881,0.005928,ARIMA
BTC,0.017535,0.017641,0.017445,0.017387,0.017984,0.026445,0.026649,0.029049,0.029601,0.029593,TFT
ETH,0.027212,0.027143,0.027623,0.027167,0.028201,0.033258,0.033373,0.037304,0.036924,0.038189,Prophet
