Activo,ARIMA_MAE,Prophet_MAE,ARIMA_MAE_baja,Prophet_MAE_baja,ARIMA_MAE_alta,Prophet_MAE_alta,Mejor_global
EURUSD,0.003498,0.003505,0.002893,0.002902,0.004317,0.004324,ARIMA
GBPUSD,0.003611,0.003611,0.003398,0.003401,0.004707,0.004705,Prophet
USDJPY,0.004947,0.004954,0.003737,0.003721,0.005722,0.00574,ARIMA
BTC,0.017434,0.017453,0.015968,0.015978,0.029341,0.029372,ARIMA
ETH,0.026968,0.02703,0.025195,0.025179,0.034948,0.035288,ARIMA
