Activo,MAE_global,RMSE_global,MAE_baja_vol,MAE_alta_vol
EURUSD,0.003466,0.004777,0.002914,0.004225
GBPUSD,0.003557,0.004603,0.003402,0.004482
USDJPY,0.005211,0.006805,0.004068,0.006149
BTC,0.017445,0.024754,0.016095,0.029049
ETH,0.027623,0.039246,0.025235,0.037304
