Activo,MAE_global,RMSE_global,MAE_baja_vol,MAE_alta_vol
EURUSD,0.003466,0.004777,0.002914,0.004225
GBPUSD,0.003557,0.004603,0.003402,0.004482
USDJPY,0.005215,0.006829,0.00417,0.006063
BTC,0.017266,0.024611,0.016023,0.027757
ETH,0.027011,0.038411,0.024793,0.0359
