Activo,MAE_global,RMSE_global,MAE_baja_vol,MAE_alta_vol
EURUSD,0.003465,0.004739,0.002935,0.004344
GBPUSD,0.00354,0.004586,0.003393,0.004742
USDJPY,0.005022,0.006558,0.003757,0.005795
BTC,0.017794,0.025177,0.016247,0.026995
ETH,0.027165,0.038737,0.025132,0.03329
