Activo,MAE_global,RMSE_global,MAE_baja_vol,MAE_alta_vol
EURUSD,0.003505,0.004763,0.002902,0.004324
GBPUSD,0.003611,0.004647,0.003401,0.004705
USDJPY,0.004954,0.006472,0.003721,0.00574
BTC,0.017453,0.024804,0.015978,0.029372
ETH,0.02703,0.038516,0.025179,0.035288
