Activo,MAE_global,RMSE_global,MAE_baja_vol,MAE_alta_vol
EURUSD,0.003579,0.004897,0.003072,0.004277
GBPUSD,0.003519,0.004626,0.003347,0.00454
USDJPY,0.005092,0.006648,0.004073,0.005928
BTC,0.017984,0.025567,0.016634,0.029593
ETH,0.028201,0.03966,0.025737,0.038189
