Activo,MAE_global,RMSE_global,MAE_baja_vol,MAE_alta_vol
EURUSD,0.003451,0.004728,0.002901,0.004162
GBPUSD,0.003555,0.004588,0.003409,0.004352
USDJPY,0.005004,0.006577,0.003981,0.005913
BTC,0.017321,0.024519,0.016344,0.027899
ETH,0.026956,0.038241,0.025097,0.035446
